<?xml version="1.0" encoding="UTF-8"?>
<GenRun Id="impl_1" LaunchPart="xc7a35tcsg324-3" LaunchTime="1669481263">
  <File Type="BITSTR-BMM" Name="car_bd.bmm"/>
  <File Type="OPT-METHODOLOGY-DRC" Name="car_methodology_drc_opted.rpt"/>
  <File Type="INIT-TIMING" Name="car_timing_summary_init.rpt"/>
  <File Type="ROUTE-PWR" Name="car_power_routed.rpt"/>
  <File Type="PA-TCL" Name="car.tcl"/>
  <File Type="OPT-TIMING" Name="car_timing_summary_opted.rpt"/>
  <File Type="OPT-DCP" Name="car_opt.dcp"/>
  <File Type="ROUTE-PWR-SUM" Name="car_power_summary_routed.pb"/>
  <File Type="REPORTS-TCL" Name="car_reports.tcl"/>
  <File Type="OPT-DRC" Name="car_drc_opted.rpt"/>
  <File Type="OPT-HWDEF" Name="car.hwdef"/>
  <File Type="PWROPT-DCP" Name="car_pwropt.dcp"/>
  <File Type="PWROPT-DRC" Name="car_drc_pwropted.rpt"/>
  <File Type="PWROPT-TIMING" Name="car_timing_summary_pwropted.rpt"/>
  <File Type="PLACE-DCP" Name="car_placed.dcp"/>
  <File Type="PLACE-IO" Name="car_io_placed.rpt"/>
  <File Type="PLACE-CLK" Name="car_clock_utilization_placed.rpt"/>
  <File Type="PLACE-UTIL" Name="car_utilization_placed.rpt"/>
  <File Type="PLACE-UTIL-PB" Name="car_utilization_placed.pb"/>
  <File Type="PLACE-CTRL" Name="car_control_sets_placed.rpt"/>
  <File Type="PLACE-SIMILARITY" Name="car_incremental_reuse_placed.rpt"/>
  <File Type="PLACE-PRE-SIMILARITY" Name="car_incremental_reuse_pre_placed.rpt"/>
  <File Type="PLACE-TIMING" Name="car_timing_summary_placed.rpt"/>
  <File Type="POSTPLACE-PWROPT-DCP" Name="car_postplace_pwropt.dcp"/>
  <File Type="BG-BIN" Name="car.bin"/>
  <File Type="POSTPLACE-PWROPT-TIMING" Name="car_timing_summary_postplace_pwropted.rpt"/>
  <File Type="PHYSOPT-DCP" Name="car_physopt.dcp"/>
  <File Type="PHYSOPT-DRC" Name="car_drc_physopted.rpt"/>
  <File Type="BITSTR-MSK" Name="car.msk"/>
  <File Type="PHYSOPT-TIMING" Name="car_timing_summary_physopted.rpt"/>
  <File Type="ROUTE-ERROR-DCP" Name="car_routed_error.dcp"/>
  <File Type="ROUTE-DCP" Name="car_routed.dcp"/>
  <File Type="ROUTE-BLACKBOX-DCP" Name="car_routed_bb.dcp"/>
  <File Type="ROUTE-DRC" Name="car_drc_routed.rpt"/>
  <File Type="ROUTE-DRC-PB" Name="car_drc_routed.pb"/>
  <File Type="ROUTE-DRC-RPX" Name="car_drc_routed.rpx"/>
  <File Type="BITSTR-MMI" Name="car.mmi"/>
  <File Type="ROUTE-METHODOLOGY-DRC" Name="car_methodology_drc_routed.rpt"/>
  <File Type="ROUTE-METHODOLOGY-DRC-RPX" Name="car_methodology_drc_routed.rpx"/>
  <File Type="ROUTE-METHODOLOGY-DRC-PB" Name="car_methodology_drc_routed.pb"/>
  <File Type="ROUTE-PWR-RPX" Name="car_power_routed.rpx"/>
  <File Type="ROUTE-STATUS" Name="car_route_status.rpt"/>
  <File Type="ROUTE-STATUS-PB" Name="car_route_status.pb"/>
  <File Type="ROUTE-TIMINGSUMMARY" Name="car_timing_summary_routed.rpt"/>
  <File Type="ROUTE-TIMING-PB" Name="car_timing_summary_routed.pb"/>
  <File Type="ROUTE-TIMING-RPX" Name="car_timing_summary_routed.rpx"/>
  <File Type="ROUTE-SIMILARITY" Name="car_incremental_reuse_routed.rpt"/>
  <File Type="ROUTE-CLK" Name="car_clock_utilization_routed.rpt"/>
  <File Type="ROUTE-BUS-SKEW" Name="car_bus_skew_routed.rpt"/>
  <File Type="ROUTE-BUS-SKEW-PB" Name="car_bus_skew_routed.pb"/>
  <File Type="ROUTE-BUS-SKEW-RPX" Name="car_bus_skew_routed.rpx"/>
  <File Type="POSTROUTE-PHYSOPT-DCP" Name="car_postroute_physopt.dcp"/>
  <File Type="POSTROUTE-PHYSOPT-BLACKBOX-DCP" Name="car_postroute_physopt_bb.dcp"/>
  <File Type="POSTROUTE-PHYSOPT-TIMING" Name="car_timing_summary_postroute_physopted.rpt"/>
  <File Type="POSTROUTE-PHYSOPT-TIMING-PB" Name="car_timing_summary_postroute_physopted.pb"/>
  <File Type="POSTROUTE-PHYSOPT-TIMING-RPX" Name="car_timing_summary_postroute_physopted.rpx"/>
  <File Type="POSTROUTE-PHYSOPT-BUS-SKEW" Name="car_bus_skew_postroute_physopted.rpt"/>
  <File Type="POSTROUTE-PHYSOPT-BUS-SKEW-PB" Name="car_bus_skew_postroute_physopted.pb"/>
  <File Type="BG-BIT" Name="car.bit"/>
  <File Type="POSTROUTE-PHYSOPT-BUS-SKEW-RPX" Name="car_bus_skew_postroute_physopted.rpx"/>
  <File Type="BITSTR-RBT" Name="car.rbt"/>
  <File Type="BITSTR-NKY" Name="car.nky"/>
  <File Type="PDI-FILE" Name="car.pdi"/>
  <File Type="RCFI_FILE" Name="car.rcfi"/>
  <File Type="CFI_FILE" Name="car.cfi"/>
  <File Type="RNPI_FILE" Name="car.rnpi"/>
  <File Type="NPI_FILE" Name="car.npi"/>
  <File Type="RBD_FILE" Name="car.rbd"/>
  <File Type="BITSTR-LTX" Name="debug_nets.ltx"/>
  <File Type="BITSTR-LTX" Name="car.ltx"/>
  <File Type="BITSTR-SYSDEF" Name="car.sysdef"/>
  <File Type="BG-BGN" Name="car.bgn"/>
  <File Type="BG-DRC" Name="car.drc"/>
  <File Type="RDI-RDI" Name="car.vdi"/>
  <File Type="WBT-USG" Name="usage_statistics_webtalk.html"/>
  <FileSet Name="sources" Type="DesignSrcs" RelSrcDir="$PSRCDIR/sources_1">
    <Filter Type="Srcs"/>
    <File Path="$PSRCDIR/sources_1/new/car.v">
      <FileInfo>
        <Attr Name="UsedIn" Val="synthesis"/>
        <Attr Name="UsedIn" Val="implementation"/>
        <Attr Name="UsedIn" Val="simulation"/>
      </FileInfo>
    </File>
    <Config>
      <Option Name="DesignMode" Val="RTL"/>
      <Option Name="TopModule" Val="car"/>
      <Option Name="TopAutoSet" Val="TRUE"/>
    </Config>
  </FileSet>
  <FileSet Name="constrs_in" Type="Constrs" RelSrcDir="$PSRCDIR/constrs_1">
    <Filter Type="Constrs"/>
    <File Path="$PSRCDIR/constrs_1/new/con_foe.xdc">
      <FileInfo>
        <Attr Name="UsedIn" Val="synthesis"/>
        <Attr Name="UsedIn" Val="implementation"/>
      </FileInfo>
    </File>
    <Config>
      <Option Name="TargetConstrsFile" Val="$PSRCDIR/constrs_1/new/con_foe.xdc"/>
      <Option Name="ConstrsType" Val="XDC"/>
    </Config>
  </FileSet>
  <FileSet Name="utils" Type="Utils" RelSrcDir="$PSRCDIR/utils_1">
    <Filter Type="Utils"/>
    <Config>
      <Option Name="TopAutoSet" Val="TRUE"/>
    </Config>
  </FileSet>
  <Strategy Version="1" Minor="2">
    <StratHandle Name="Vivado Implementation Defaults" Flow="Vivado Implementation 2020"/>
    <Step Id="init_design"/>
    <Step Id="opt_design"/>
    <Step Id="power_opt_design"/>
    <Step Id="place_design"/>
    <Step Id="post_place_power_opt_design"/>
    <Step Id="phys_opt_design"/>
    <Step Id="route_design"/>
    <Step Id="post_route_phys_opt_design"/>
    <Step Id="write_bitstream"/>
  </Strategy>
</GenRun>
